{"Alexare": {"White": 0.6226415094339622, "Green": 0.3471698113207547, "Canceled": 0.0037735849056603774, "Red": 0.026415094339622643}, "AndiVx": {"White": 0.6307692307692307, "Green": 0.3282051282051282, "Red": 0.02564102564102564, "Canceled": 0.010256410256410256, "Ignored": 0.005128205128205128}, "Calvin Schoolidge": {"White": 0.5780141843971631, "Green": 0.3120567375886525, "Ignored": 0.04964539007092199, "Red": 0.04609929078014184, "Canceled": 0.014184397163120567}, "Cartwright": {"White": 0.46875, "Green": 0.5069444444444444, "Red": 0.006944444444444444, "Canceled": 0.017361111111111112}, "Harren": {"White": 0.7198275862068966, "Green": 0.25862068965517243, "Ignored": 0.004310344827586207, "Canceled": 0.008620689655172414, "Red": 0.008620689655172414}, "Hectic": {"White": 0.4077669902912621, "Green": 0.5728155339805825, "Red": 0.019417475728155338}, "InfamousCupcake": {"Green": 0.291866028708134, "White": 0.6794258373205742, "Canceled": 0.009569377990430622, "Red": 0.019138755980861243}, "Kmars133": {"White": 0.6974169741697417, "Green": 0.2730627306273063, "Red": 0.025830258302583026, "Canceled": 0.0036900369003690036}, "Kotte": {"White": 0.6008064516129032, "Green": 0.3629032258064516, "Red": 0.016129032258064516, "Ignored": 0.008064516129032258, "Canceled": 0.012096774193548387}, "Legorve Genine": {"White": 0.583732057416268, "Green": 0.32057416267942584, "Red": 0.04784688995215311, "Ignored": 0.03349282296650718, "Canceled": 0.014354066985645933}, "Libro": {"Green": 0.42857142857142855, "White": 0.5357142857142857, "Ignored": 0.023809523809523808, "Canceled": 0.011904761904761904}, "Max Edward Snax": {"White": 0.5801526717557252, "Green": 0.3816793893129771, "Red": 0.026717557251908396, "Canceled": 0.011450381679389313}, "OpiWrites": {"Green": 0.49809885931558934, "White": 0.467680608365019, "Canceled": 0.015209125475285171, "Red": 0.015209125475285171, "Ignored": 0.0038022813688212928}, "PixelBandit": {"Ignored": 0.2, "White": 0.8}, "Pizzelio": {"Green": 0.3950617283950617, "White": 0.5740740740740741, "Ignored": 0.012345679012345678, "Canceled": 0.006172839506172839, "Red": 0.012345679012345678}, "Rai": {"White": 0.6875, "Green": 0.2875, "Canceled": 0.025}, "Ranmilia": {"White": 0.5934065934065934, "Green": 0.38461538461538464, "Red": 0.01098901098901099, "Ignored": 0.007326007326007326, "Canceled": 0.003663003663003663}, "Rooks": {"White": 0.49609375, "Green": 0.4765625, "Red": 0.01953125, "Canceled": 0.0078125}, "Ryooo": {"White": 0.501779359430605, "Red": 0.0071174377224199285, "Green": 0.44483985765124556, "Ignored": 0.03558718861209965, "Canceled": 0.010676156583629894}, "Sheph": {"White": 0.49224806201550386, "Canceled": 0.015503875968992248, "Green": 0.40310077519379844, "Ignored": 0.03488372093023256, "Red": 0.05426356589147287}, "Silverthorn": {"Green": 0.36416184971098264, "White": 0.5780346820809249, "Canceled": 0.023121387283236993, "Red": 0.028901734104046242, "Ignored": 0.005780346820809248}, "Smiddy": {"White": 0.6357142857142857, "Green": 0.35, "Red": 0.014285714285714285}, "Sun Bro": {"White": 0.5577557755775577, "Green": 0.41914191419141916, "Red": 0.013201320132013201, "Canceled": 0.0033003300330033004, "Ignored": 0.006600660066006601}, "Tabsies": {"Green": 0.33676975945017185, "White": 0.49828178694158076, "Canceled": 0.020618556701030927, "Ignored": 0.1134020618556701, "Red": 0.030927835051546393}, "ThatOdinaryPlayer": {"White": 0.38461538461538464, "Green": 0.5641025641025641, "Red": 0.05128205128205128}, "TheSmiddy": {"White": 0.6106194690265486, "Red": 0.017699115044247787, "Green": 0.36283185840707965, "Canceled": 0.008849557522123894}, "Tortuga-Man": {"Green": 0.2535211267605634, "Red": 0.04225352112676056, "White": 0.676056338028169, "Canceled": 0.014084507042253521, "Ignored": 0.014084507042253521}, "Vac58": {"White": 0.5708502024291497, "Green": 0.38866396761133604, "Red": 0.02834008097165992, "Canceled": 0.008097165991902834, "Ignored": 0.004048582995951417}, "Vlady": {"White": 0.42857142857142855, "Green": 0.5714285714285714}, "Watermeat": {"White": 0.6120996441281139, "Green": 0.33807829181494664, "Ignored": 0.03202846975088968, "Red": 0.010676156583629894, "Canceled": 0.0071174377224199285}, "Yglini": {"White": 0.6359649122807017, "Green": 0.32456140350877194, "Red": 0.03070175438596491, "Canceled": 0.008771929824561403}, "alibi": {"Green": 0.2892561983471074, "White": 0.6776859504132231, "Canceled": 0.02066115702479339, "Red": 0.012396694214876033}, "alteffor": {"Green": 0.2682926829268293, "White": 0.6890243902439024, "Red": 0.024390243902439025, "Canceled": 0.012195121951219513, "Ignored": 0.006097560975609756}, "amlabella": {"White": 0.5397923875432526, "Green": 0.43944636678200694, "Canceled": 0.006920415224913495, "Red": 0.01384083044982699}, "arturiax": {"Green": 0.3560606060606061, "White": 0.6060606060606061, "Red": 0.01893939393939394, "Canceled": 0.015151515151515152, "Ignored": 0.003787878787878788}, "ascendbeyond": {"Green": 0.38285714285714284, "White": 0.5714285714285714, "Canceled": 0.017142857142857144, "Red": 0.02857142857142857}, "bananaconda": {"White": 0.6187050359712231, "Green": 0.3057553956834532, "Ignored": 0.03237410071942446, "Red": 0.02158273381294964, "Canceled": 0.02158273381294964}, "belial": {"White": 0.7422680412371134, "Green": 0.24742268041237114, "Red": 0.010309278350515464}, "brskaylor": {"White": 0.5441176470588235, "Green": 0.4117647058823529, "Canceled": 0.029411764705882353, "Red": 0.014705882352941176}, "canadianbacon": {"Green": 0.48717948717948717, "White": 0.48717948717948717, "Canceled": 0.007326007326007326, "Red": 0.014652014652014652, "Ignored": 0.003663003663003663}, "checker": {"White": 0.6743119266055045, "Green": 0.30275229357798167, "Red": 0.01834862385321101, "Canceled": 0.0045871559633027525}, "cleetose": {"White": 0.6625514403292181, "Green": 0.3004115226337449, "Red": 0.03292181069958848, "Ignored": 0.00411522633744856}, "daheadhunter": {"Green": 0.31527093596059114, "White": 0.6403940886699507, "Red": 0.034482758620689655, "Canceled": 0.009852216748768473}, "davidw": {"Green": 0.4249084249084249, "White": 0.5421245421245421, "Red": 0.02564102564102564, "Canceled": 0.003663003663003663, "Ignored": 0.003663003663003663}, "dbdkmezz": {"White": 0.7142857142857143, "Canceled": 0.013605442176870748, "Green": 0.21428571428571427, "Ignored": 0.030612244897959183, "Red": 0.027210884353741496}, "degran": {"White": 0.6135593220338983, "Green": 0.3559322033898305, "Red": 0.013559322033898305, "Ignored": 0.006779661016949152, "Canceled": 0.010169491525423728}, "dels": {"White": 0.48878923766816146, "Green": 0.48878923766816146, "Red": 0.013452914798206279, "Ignored": 0.008968609865470852}, "dowsey": {"Green": 0.45525291828793774, "White": 0.5175097276264592, "Red": 0.019455252918287938, "Canceled": 0.007782101167315175}, "dukit": {"Green": 0.3048780487804878, "White": 0.6504065040650406, "Canceled": 0.008130081300813009, "Ignored": 0.016260162601626018, "Red": 0.02032520325203252}, "ekajarmstro": {"White": 0.521865889212828, "Green": 0.446064139941691, "Ignored": 0.011661807580174927, "Red": 0.011661807580174927, "Canceled": 0.008746355685131196}, "falconhit": {"Green": 0.44884488448844884, "White": 0.528052805280528, "Red": 0.0165016501650165, "Canceled": 0.006600660066006601}, "fancypants": {"Green": 0.28618421052631576, "White": 0.6776315789473685, "Ignored": 0.01644736842105263, "Red": 0.013157894736842105, "Canceled": 0.006578947368421052}, "furbyfubar": {"White": 0.5858585858585859, "Green": 0.3569023569023569, "Red": 0.04040404040404041, "Ignored": 0.006734006734006734, "Canceled": 0.010101010101010102}, "gabrio": {"White": 0.5551330798479087, "Green": 0.41825095057034223, "Red": 0.019011406844106463, "Canceled": 0.0076045627376425855}, "gmantsang": {"Green": 0.3153526970954357, "White": 0.6141078838174274, "Ignored": 0.04564315352697095, "Red": 0.012448132780082987, "Canceled": 0.012448132780082987}, "howiie": {"White": 0.6729857819905213,