{
    "ALTInsider/steam": {
        "Green": 0.37777777777777777,
        "White": 0.6222222222222222,
        "Ignored": 0.0,
        "Red": 0.0,
        "Canceled": 0.0
    },
    "Alexare/steam": {
        "Green": 0.40789473684210525,
        "White": 0.5131578947368421,
        "Ignored": 0.02631578947368421,
        "Red": 0.05263157894736842,
        "Canceled": 0.0
    },
    "AndiVx/steam": {
        "Green": 0.3793103448275862,
        "White": 0.5689655172413793,
        "Ignored": 0.017241379310344827,
        "Red": 0.034482758620689655,
        "Canceled": 0.0
    },
    "Armageddon/steam": {
        "Green": 0.27472527472527475,
        "White": 0.6593406593406593,
        "Ignored": 0.0,
        "Red": 0.06593406593406594,
        "Canceled": 0.0
    },
    "Atia/steam": {
        "Green": 0.2746478873239437,
        "White": 0.647887323943662,
        "Ignored": 0.056338028169014086,
        "Red": 0.014084507042253521,
        "Canceled": 0.007042253521126761
    },
    "Augleb240/steam": {
        "Green": 0.36220472440944884,
        "White": 0.6141732283464567,
        "Ignored": 0.0,
        "Red": 0.015748031496062992,
        "Canceled": 0.007874015748031496
    },
    "Banana Bread/steam": {
        "Green": 0.26666666666666666,
        "White": 0.6777777777777778,
        "Ignored": 0.0,
        "Red": 0.011111111111111112,
        "Canceled": 0.044444444444444446
    },
    "Beanie/steam": {
        "Green": 0.43333333333333335,
        "White": 0.5166666666666667,
        "Ignored": 0.016666666666666666,
        "Red": 0.025,
        "Canceled": 0.008333333333333333
    },
    "BobTheAlmighty/steam": {
        "Green": 0.3018867924528302,
        "White": 0.6981132075471698,
        "Ignored": 0.0,
        "Red": 0.0,
        "Canceled": 0.0
    },
    "Calvin Schoolidge/steam": {
        "Green": 0.33,
        "White": 0.58,
        "Ignored": 0.05,
        "Red": 0.02,
        "Canceled": 0.02
    },
    "Con-pope/steam": {
        "Green": 0.1717171717171717,
        "White": 0.7171717171717171,
        "Ignored": 0.050505050505050504,
        "Red": 0.04040404040404041,
        "Canceled": 0.020202020202020204
    },
    "Corvusmellori/steam": {
        "Green": 0.373134328358209,
        "White": 0.5970149253731343,
        "Ignored": 0.0,
        "Red": 0.029850746268656716,
        "Canceled": 0.0
    },
    "DeathTacticus/steam": {
        "Green": 0.3770491803278688,
        "White": 0.5737704918032787,
        "Ignored": 0.0,
        "Red": 0.03278688524590164,
        "Canceled": 0.01639344262295082
    },
    "Gabrio/steam": {
        "Green": 0.6,
        "White": 0.39,
        "Ignored": 0.0,
        "Red": 0.01,
        "Canceled": 0.0
    },
    "Harren/steam": {
        "Green": 0.2692307692307692,
        "White": 0.7019230769230769,
        "Ignored": 0.0,
        "Red": 0.028846153846153848,
        "Canceled": 0.0
    },
    "Kmars133/steam": {
        "Green": 0.24528301886792453,
        "White": 0.7169811320754716,
        "Ignored": 0.0,
        "Red": 0.018867924528301886,
        "Canceled": 0.018867924528301886
    },
    "Koopa/steam": {
        "Green": 0.37735849056603776,
        "White": 0.6037735849056604,
        "Ignored": 0.0,
        "Red": 0.018867924528301886,
        "Canceled": 0.0
    },
    "Kotte/steam": {
        "Green": 0.5543478260869565,
        "White": 0.44565217391304346,
        "Ignored": 0.0,
        "Red": 0.0,
        "Canceled": 0.0
    },
    "KumaKid/steam": {
        "Green": 0.4852941176470588,
        "White": 0.47058823529411764,
        "Ignored": 0.0,
        "Red": 0.04411764705882353,
        "Canceled": 0.0
    },
    "Legorve Genine/steam": {
        "Green": 0.35135135135135137,
        "White": 0.581081081081081,
        "Ignored": 0.0,
        "Red": 0.06756756756756757,
        "Canceled": 0.0
    },
    "Lushmoss/steam": {
        "Green": 0.3626373626373626,
        "White": 0.5494505494505495,
        "Ignored": 0.054945054945054944,
        "Red": 0.03296703296703297,
        "Canceled": 0.0
    },
    "Max Edward Snax/steam": {
        "Green": 0.6,
        "White": 0.3333333333333333,
        "Ignored": 0.0,
        "Red": 0.0,
        "Canceled": 0.06666666666666667
    },
    "Monsterracer_/steam": {
        "Green": 0.4666666666666667,
        "White": 0.38666666666666666,
        "Ignored": 0.08,
        "Red": 0.06666666666666667,
        "Canceled": 0.0
    },
    "OpiWrites/steam": {
        "Green": 0.6964285714285714,
        "White": 0.30357142857142855,
        "Ignored": 0.0,
        "Red": 0.0,
        "Canceled": 0.0
    },
    "Phillammon/steam": {
        "Green": 0.3088235294117647,
        "White": 0.5882352941176471,
        "Ignored": 0.04411764705882353,
        "Red": 0.04411764705882353,
        "Canceled": 0.014705882352941176
    },
    "Rov/steam": {
        "Green": 0.358974358974359,
        "White": 0.5897435897435898,
        "Ignored": 0.0,
        "Red": 0.038461538461538464,
        "Canceled": 0.01282051282051282
    },
    "Ryooo/steam": {
        "Green": 0.5384615384615384,
        "White": 0.4307692307692308,
        "Ignored": 0.03076923076923077,
        "Red": 0.0,
        "Canceled": 0.0
    },
    "Sheph/steam": {
        "Green": 0.48,
        "White": 0.48,
        "Ignored": 0.0,
        "Red": 0.02666666666666667,
        "Canceled": 0.013333333333333334
    },
    "ShootingGoats/steam": {
        "Green": 0.37962962962962965,
        "White": 0.5833333333333334,
        "Ignored": 0.0,
        "Red": 0.018518518518518517,
        "Canceled": 0.018518518518518517
    },
    "Sun Bro/steam": {
        "Green": 0.3611111111111111,
        "White": 0.5833333333333334,
        "Ignored": 0.027777777777777776,
        "Red": 0.027777777777777776,
        "Canceled": 0.0
    },
    "TONewYork/steam": {
        "Green": 0.39759036144578314,
        "White": 0.5783132530120482,
        "Ignored": 0.0,
        "Red": 0.024096385542168676,
        "Canceled": 0.0
    },
    "TheForgot3n1/steam": {
        "Green": 0.36363636363636365,
        "White": 0.6212121212121212,
        "Ignored": 0.0,
        "Red": 0.0,
        "Canceled": 0.015151515151515152
    },
    "Tonyl/steam": {
        "Green": 0.2846715328467153,
        "White": 0.6788321167883211,
        "Ignored": 0.0,
        "Red": 0.029197080291970802,
        "Canceled": 0.0072992700729927005
    },
    "Xeynoxys/steam": {
        "Green": 0.3305785123966942,
        "White": 0.6611570247933884,
        "Ignored": 0.0,
        "Red": 0.008264462809917356,
        "Canceled": 0.0
    },
    "Yglini/steam": {
        "Green": 0.35454545454545455,
        "White": 0.6272727272727273,
        "Ignored": 0.0,
        "Red": 0.00909090909090909,
        "Canceled": 0.00909090909090909
    },
    "_LEV_TROTSKIJ_/steam": {
        "Green": 0.47297297297297297,
        "White": 0.5,
        "Ignored": 0.0,
        "Red": 0.02702702702702703,
        "Canceled": 0.0
    },
    "bannanasniper": {
        "Green": 0.37209302325581395,
        "White": 0.5813953488372093,
        "Ignored": 0.0,
        "Red": 0.023255813953488372,
        "Canceled": 0.023255813953488372
    },
    "beanie": {
        "Green": 0.5641025641025641,
        "White": 0.3974358974358974,
        "Ignored": 0.0,
        "Red": 0.038461538461538464,
        "Canceled": 0.0
    },
    "cameraman": {
        "Green": 0.4444444444444444,
        "White": 0.5308641975308642,
        "Ignored": 0.0,
        "Red": 0.024691358024691357,
        "Canceled": 0.0
    },
    "catnip": {
        "Green": 0.3888888888888889,
        "White": 0.5634920634920635,
        "Ignored": 0.023809523809523808,
        "Red": 0.007936507936507936,
        "Canceled": 0.015873015873015872
    },
    "cptbasch": {
        "Green": 0.3025210084033613,
        "White": 0.6134453781512605,
        "Ignored": 0.01680672268907563,
        "Red": 0.06722689075630252,
        "Canceled": 0.0
    },