{
    "ALTInsider/steam": {
        "Green": 0.37777777777777777,
        "White": 0.6222222222222222,
        "Ignored": 0.0,
        "Red": 0.0,
        "Canceled": 0.0
    },
    "Alexare/steam": {
        "Green": 0.36363636363636365,
        "White": 0.5636363636363636,
        "Ignored": 0.03636363636363636,
        "Red": 0.03636363636363636,
        "Canceled": 0.0
    },
    "AndiVx/steam": {
        "Green": 0.38235294117647056,
        "White": 0.5588235294117647,
        "Ignored": 0.029411764705882353,
        "Red": 0.029411764705882353,
        "Canceled": 0.0
    },
    "Atia/steam": {
        "Green": 0.30864197530864196,
        "White": 0.5925925925925926,
        "Ignored": 0.07407407407407407,
        "Red": 0.024691358024691357,
        "Canceled": 0.0
    },
    "Augleb240/steam": {
        "Green": 0.3333333333333333,
        "White": 0.6376811594202898,
        "Ignored": 0.0,
        "Red": 0.014492753623188406,
        "Canceled": 0.014492753623188406
    },
    "Banana Bread/steam": {
        "Green": 0.20930232558139536,
        "White": 0.6976744186046512,
        "Ignored": 0.0,
        "Red": 0.023255813953488372,
        "Canceled": 0.06976744186046512
    },
    "Beanie/steam": {
        "Green": 0.4423076923076923,
        "White": 0.5096153846153846,
        "Ignored": 0.019230769230769232,
        "Red": 0.019230769230769232,
        "Canceled": 0.009615384615384616
    },
    "BobTheAlmighty/steam": {
        "Green": 0.3018867924528302,
        "White": 0.6981132075471698,
        "Ignored": 0.0,
        "Red": 0.0,
        "Canceled": 0.0
    },
    "Calvin Schoolidge/steam": {
        "Green": 0.2826086956521739,
        "White": 0.5869565217391305,
        "Ignored": 0.06521739130434782,
        "Red": 0.021739130434782608,
        "Canceled": 0.043478260869565216
    },
    "Con-pope/steam": {
        "Green": 0.17857142857142858,
        "White": 0.7142857142857143,
        "Ignored": 0.05952380952380952,
        "Red": 0.03571428571428571,
        "Canceled": 0.011904761904761904
    },
    "Corvusmellori/steam": {
        "Green": 0.38596491228070173,
        "White": 0.5789473684210527,
        "Ignored": 0.0,
        "Red": 0.03508771929824561,
        "Canceled": 0.0
    },
    "DeathTacticus/steam": {
        "Green": 0.3770491803278688,
        "White": 0.5737704918032787,
        "Ignored": 0.0,
        "Red": 0.03278688524590164,
        "Canceled": 0.01639344262295082
    },
    "Gabrio/steam": {
        "Green": 0.5625,
        "White": 0.425,
        "Ignored": 0.0,
        "Red": 0.0125,
        "Canceled": 0.0
    },
    "Harren/steam": {
        "Green": 0.2459016393442623,
        "White": 0.7213114754098361,
        "Ignored": 0.0,
        "Red": 0.03278688524590164,
        "Canceled": 0.0
    },
    "Kmars133/steam": {
        "Green": 0.24528301886792453,
        "White": 0.7169811320754716,
        "Ignored": 0.0,
        "Red": 0.018867924528301886,
        "Canceled": 0.018867924528301886
    },
    "Koopa/steam": {
        "Green": 0.52,
        "White": 0.44,
        "Ignored": 0.0,
        "Red": 0.04,
        "Canceled": 0.0
    },
    "Kotte/steam": {
        "Green": 0.5172413793103449,
        "White": 0.4827586206896552,
        "Ignored": 0.0,
        "Red": 0.0,
        "Canceled": 0.0
    },
    "KumaKid/steam": {
        "Green": 0.4883720930232558,
        "White": 0.4883720930232558,
        "Ignored": 0.0,
        "Red": 0.023255813953488372,
        "Canceled": 0.0
    },
    "Legorve Genine/steam": {
        "Green": 0.42857142857142855,
        "White": 0.47619047619047616,
        "Ignored": 0.0,
        "Red": 0.09523809523809523,
        "Canceled": 0.0
    },
    "Lushmoss/steam": {
        "Green": 0.36065573770491804,
        "White": 0.6065573770491803,
        "Ignored": 0.01639344262295082,
        "Red": 0.01639344262295082,
        "Canceled": 0.0
    },
    "Max Edward Snax/steam": {
        "Green": 0.6,
        "White": 0.3333333333333333,
        "Ignored": 0.0,
        "Red": 0.0,
        "Canceled": 0.06666666666666667
    },
    "Monsterracer_/steam": {
        "Green": 0.5,
        "White": 0.34782608695652173,
        "Ignored": 0.08695652173913043,
        "Red": 0.06521739130434782,
        "Canceled": 0.0
    },
    "OpiWrites/steam": {
        "Green": 0.7666666666666667,
        "White": 0.23333333333333334,
        "Ignored": 0.0,
        "Red": 0.0,
        "Canceled": 0.0
    },
    "Phillammon/steam": {
        "Green": 0.28125,
        "White": 0.59375,
        "Ignored": 0.0,
        "Red": 0.09375,
        "Canceled": 0.03125
    },
    "Rov/steam": {
        "Green": 0.3709677419354839,
        "White": 0.5806451612903226,
        "Ignored": 0.0,
        "Red": 0.03225806451612903,
        "Canceled": 0.016129032258064516
    },
    "Ryooo/steam": {
        "Green": 0.5263157894736842,
        "White": 0.47368421052631576,
        "Ignored": 0.0,
        "Red": 0.0,
        "Canceled": 0.0
    },
    "Sheph/steam": {
        "Green": 0.4782608695652174,
        "White": 0.5,
        "Ignored": 0.0,
        "Red": 0.021739130434782608,
        "Canceled": 0.0
    },
    "ShootingGoats/steam": {
        "Green": 0.35443037974683544,
        "White": 0.5949367088607594,
        "Ignored": 0.0,
        "Red": 0.02531645569620253,
        "Canceled": 0.02531645569620253
    },
    "Sun Bro/steam": {
        "Green": 0.2777777777777778,
        "White": 0.6666666666666666,
        "Ignored": 0.05555555555555555,
        "Red": 0.0,
        "Canceled": 0.0
    },
    "TONewYork/steam": {
        "Green": 0.2727272727272727,
        "White": 0.6363636363636364,
        "Ignored": 0.0,
        "Red": 0.09090909090909091,
        "Canceled": 0.0
    },
    "TheForgot3n1/steam": {
        "Green": 0.36585365853658536,
        "White": 0.6097560975609756,
        "Ignored": 0.0,
        "Red": 0.0,
        "Canceled": 0.024390243902439025
    },
    "Tonyl/steam": {
        "Green": 0.3220338983050847,
        "White": 0.6440677966101694,
        "Ignored": 0.0,
        "Red": 0.01694915254237288,
        "Canceled": 0.01694915254237288
    },
    "Xeynoxys/steam": {
        "Green": 0.3220338983050847,
        "White": 0.6610169491525424,
        "Ignored": 0.0,
        "Red": 0.01694915254237288,
        "Canceled": 0.0
    },
    "Yglini/steam": {
        "Green": 0.36046511627906974,
        "White": 0.6162790697674418,
        "Ignored": 0.0,
        "Red": 0.011627906976744186,
        "Canceled": 0.011627906976744186
    },
    "_LEV_TROTSKIJ_/steam": {
        "Green": 0.4888888888888889,
        "White": 0.4888888888888889,
        "Ignored": 0.0,
        "Red": 0.022222222222222223,
        "Canceled": 0.0
    },
    "bannanasniper": {
        "Green": 0.38095238095238093,
        "White": 0.5714285714285714,
        "Ignored": 0.0,
        "Red": 0.0,
        "Canceled": 0.047619047619047616
    },
    "beanie": {
        "Green": 0.6666666666666666,
        "White": 0.2916666666666667,
        "Ignored": 0.0,
        "Red": 0.041666666666666664,
        "Canceled": 0.0
    },
    "cameraman": {
        "Green": 0.4,
        "White": 0.5818181818181818,
        "Ignored": 0.0,
        "Red": 0.01818181818181818,
        "Canceled": 0.0
    },
    "catnip": {
        "Green": 0.39473684210526316,
        "White": 0.5614035087719298,
        "Ignored": 0.02631578947368421,
        "Red": 0.008771929824561403,
        "Canceled": 0.008771929824561403
    },
    "davidw": {
        "Green": 0.3333333333333333,
        "White": 0.6296296296296297,
        "Ignored": 0.0,
        "Red": 0.0,
        "Canceled": 0.037037037037037035
    },
    "dbdkmezz": {
        "Green": 0.3090909090909091,
        "White": 0.6181818181818182,
        "Ignored": 0.01818181818181818,
        "Red": 0.05454545454545454,
        "Canceled": 0.0
    },
    "dejoker": {
        "Green": 0.3125,
        "White": 0.6666666666666666,
        "Ignored": 0.0,