{
    "ALTInsider/steam": {
        "Green": 0.3684210526315789,
        "White": 0.631578947368421,
        "Ignored": 0.0,
        "Red": 0.0,
        "Canceled": 0.0
    },
    "Alexare/steam": {
        "Green": 0.3793103448275862,
        "White": 0.5517241379310345,
        "Ignored": 0.034482758620689655,
        "Red": 0.034482758620689655,
        "Canceled": 0.0
    },
    "AndiVx/steam": {
        "Green": 0.38235294117647056,
        "White": 0.5588235294117647,
        "Ignored": 0.029411764705882353,
        "Red": 0.029411764705882353,
        "Canceled": 0.0
    },
    "Atia/steam": {
        "Green": 0.3333333333333333,
        "White": 0.5952380952380952,
        "Ignored": 0.023809523809523808,
        "Red": 0.047619047619047616,
        "Canceled": 0.0
    },
    "Augleb240/steam": {
        "Green": 0.3333333333333333,
        "White": 0.6376811594202898,
        "Ignored": 0.0,
        "Red": 0.014492753623188406,
        "Canceled": 0.014492753623188406
    },
    "Banana Bread/steam": {
        "Green": 0.20930232558139536,
        "White": 0.6976744186046512,
        "Ignored": 0.0,
        "Red": 0.023255813953488372,
        "Canceled": 0.06976744186046512
    },
    "Beanie/steam": {
        "Green": 0.4423076923076923,
        "White": 0.5096153846153846,
        "Ignored": 0.019230769230769232,
        "Red": 0.019230769230769232,
        "Canceled": 0.009615384615384616
    },
    "BobTheAlmighty/steam": {
        "Green": 0.3333333333333333,
        "White": 0.6666666666666666,
        "Ignored": 0.0,
        "Red": 0.0,
        "Canceled": 0.0
    },
    "Calvin Schoolidge/steam": {
        "Green": 0.2826086956521739,
        "White": 0.5869565217391305,
        "Ignored": 0.06521739130434782,
        "Red": 0.021739130434782608,
        "Canceled": 0.043478260869565216
    },
    "Con-pope/steam": {
        "Green": 0.22916666666666666,
        "White": 0.6875,
        "Ignored": 0.020833333333333332,
        "Red": 0.041666666666666664,
        "Canceled": 0.020833333333333332
    },
    "Corvusmellori/steam": {
        "Green": 0.5357142857142857,
        "White": 0.39285714285714285,
        "Ignored": 0.0,
        "Red": 0.07142857142857142,
        "Canceled": 0.0
    },
    "DeathTacticus/steam": {
        "Green": 0.3770491803278688,
        "White": 0.5737704918032787,
        "Ignored": 0.0,
        "Red": 0.03278688524590164,
        "Canceled": 0.01639344262295082
    },
    "Gabrio/steam": {
        "Green": 0.5409836065573771,
        "White": 0.4426229508196721,
        "Ignored": 0.0,
        "Red": 0.01639344262295082,
        "Canceled": 0.0
    },
    "Harren/steam": {
        "Green": 0.2459016393442623,
        "White": 0.7213114754098361,
        "Ignored": 0.0,
        "Red": 0.03278688524590164,
        "Canceled": 0.0
    },
    "Kmars133/steam": {
        "Green": 0.25,
        "White": 0.75,
        "Ignored": 0.0,
        "Red": 0.0,
        "Canceled": 0.0
    },
    "Koopa/steam": {
        "Green": 0.52,
        "White": 0.44,
        "Ignored": 0.0,
        "Red": 0.04,
        "Canceled": 0.0
    },
    "Kotte/steam": {
        "Green": 0.5172413793103449,
        "White": 0.4827586206896552,
        "Ignored": 0.0,
        "Red": 0.0,
        "Canceled": 0.0
    },
    "KumaKid/steam": {
        "Green": 0.5,
        "White": 0.5,
        "Ignored": 0.0,
        "Red": 0.0,
        "Canceled": 0.0
    },
    "Legorve Genine/steam": {
        "Green": 0.42857142857142855,
        "White": 0.47619047619047616,
        "Ignored": 0.0,
        "Red": 0.09523809523809523,
        "Canceled": 0.0
    },
    "Lushmoss/steam": {
        "Green": 0.45714285714285713,
        "White": 0.5428571428571428,
        "Ignored": 0.0,
        "Red": 0.0,
        "Canceled": 0.0
    },
    "Max Edward Snax/steam": {
        "Green": 0.6,
        "White": 0.3333333333333333,
        "Ignored": 0.0,
        "Red": 0.0,
        "Canceled": 0.06666666666666667
    },
    "Monsterracer_/steam": {
        "Green": 0.5,
        "White": 0.34782608695652173,
        "Ignored": 0.08695652173913043,
        "Red": 0.06521739130434782,
        "Canceled": 0.0
    },
    "OpiWrites/steam": {
        "Green": 0.7666666666666667,
        "White": 0.23333333333333334,
        "Ignored": 0.0,
        "Red": 0.0,
        "Canceled": 0.0
    },
    "Rov/steam": {
        "Green": 0.37209302325581395,
        "White": 0.5581395348837209,
        "Ignored": 0.0,
        "Red": 0.046511627906976744,
        "Canceled": 0.023255813953488372
    },
    "Ryooo/steam": {
        "Green": 0.5,
        "White": 0.5,
        "Ignored": 0.0,
        "Red": 0.0,
        "Canceled": 0.0
    },
    "Sheph/steam": {
        "Green": 0.4782608695652174,
        "White": 0.5,
        "Ignored": 0.0,
        "Red": 0.021739130434782608,
        "Canceled": 0.0
    },
    "ShootingGoats/steam": {
        "Green": 0.35443037974683544,
        "White": 0.5949367088607594,
        "Ignored": 0.0,
        "Red": 0.02531645569620253,
        "Canceled": 0.02531645569620253
    },
    "TONewYork/steam": {
        "Green": 0.2727272727272727,
        "White": 0.6363636363636364,
        "Ignored": 0.0,
        "Red": 0.09090909090909091,
        "Canceled": 0.0
    },
    "TheForgot3n1/steam": {
        "Green": 0.36585365853658536,
        "White": 0.6097560975609756,
        "Ignored": 0.0,
        "Red": 0.0,
        "Canceled": 0.024390243902439025
    },
    "Tonyl/steam": {
        "Green": 0.3220338983050847,
        "White": 0.6440677966101694,
        "Ignored": 0.0,
        "Red": 0.01694915254237288,
        "Canceled": 0.01694915254237288
    },
    "Xeynoxys/steam": {
        "Green": 0.3220338983050847,
        "White": 0.6610169491525424,
        "Ignored": 0.0,
        "Red": 0.01694915254237288,
        "Canceled": 0.0
    },
    "Yglini/steam": {
        "Green": 0.3157894736842105,
        "White": 0.6666666666666666,
        "Ignored": 0.0,
        "Red": 0.0,
        "Canceled": 0.017543859649122806
    },
    "_LEV_TROTSKIJ_/steam": {
        "Green": 0.4583333333333333,
        "White": 0.5,
        "Ignored": 0.0,
        "Red": 0.041666666666666664,
        "Canceled": 0.0
    },
    "beanie": {
        "Green": 0.6666666666666666,
        "White": 0.2916666666666667,
        "Ignored": 0.0,
        "Red": 0.041666666666666664,
        "Canceled": 0.0
    },
    "cameraman": {
        "Green": 0.2857142857142857,
        "White": 0.6428571428571429,
        "Ignored": 0.0,
        "Red": 0.07142857142857142,
        "Canceled": 0.0
    },
    "catnip": {
        "Green": 0.4444444444444444,
        "White": 0.5222222222222223,
        "Ignored": 0.022222222222222223,
        "Red": 0.011111111111111112,
        "Canceled": 0.0
    },
    "davidw": {
        "Green": 0.3333333333333333,
        "White": 0.6296296296296297,
        "Ignored": 0.0,
        "Red": 0.0,
        "Canceled": 0.037037037037037035
    },
    "dbdkmezz": {
        "Green": 0.3090909090909091,
        "White": 0.6181818181818182,
        "Ignored": 0.01818181818181818,
        "Red": 0.05454545454545454,
        "Canceled": 0.0
    },
    "dejoker": {
        "Green": 0.3125,
        "White": 0.6666666666666666,
        "Ignored": 0.0,
        "Red": 0.020833333333333332,
        "Canceled": 0.0
    },
    "dukit": {
        "Green": 0.3,
        "White": 0.7,
        "Ignored": 0.0,
        "Red": 0.0,
        "Canceled": 0.0
    },
    "falconhit": {
        "Green": 0.4594594594594595,
        "White": 0.5135135135135135,
        "Ignored": 0.0,
        "Red": 0.0,
        "Canceled": 0.02702702702702703
    },
    "furbyfubar": {
        "Green": 0.32142857142857145,
        "White": 0.6071428571428571,
        "Ignored": 0.0,
        "Red": 0.07142857142857142,
        "Canceled": 0.0
    },
    "howiie": {
        "Green": 0.3333333333333333,
        "White": 0.6111111111111112,
        "Ignored": 0.0,
        "Red": 0.0,