{
    "Max Edward Snax/steam": {
        "Green": 0.6,
        "White": 0.3333333333333333,
        "Ignored": 0.0,
        "Red": 0.0,
        "Canceled": 0.06666666666666667
    },
    "beanie": {
        "Green": 0.6666666666666666,
        "White": 0.3333333333333333,
        "Ignored": 0.0,
        "Red": 0.0,
        "Canceled": 0.0
    },
    "catnip": {
        "Green": 0.5882352941176471,
        "White": 0.4117647058823529,
        "Ignored": 0.0,
        "Red": 0.0,
        "Canceled": 0.0
    },
    "lauras43/steam": {
        "Green": 0.3888888888888889,
        "White": 0.5,
        "Ignored": 0.0,
        "Red": 0.1111111111111111,
        "Canceled": 0.0
    },
    "zerodoom": {
        "Green": 0.3114754098360656,
        "White": 0.6229508196721312,
        "Ignored": 0.03278688524590164,
        "Red": 0.03278688524590164,
        "Canceled": 0.0
    }
}