{
    "ALTInsider/steam": {
        "Green": 0.3953488372093023,
        "White": 0.5930232558139535,
        "Ignored": 0.011627906976744186,
        "Red": 0.0,
        "Canceled": 0.0
    },
    "Alexare/steam": {
        "Green": 0.36507936507936506,
        "White": 0.5317460317460317,
        "Ignored": 0.047619047619047616,
        "Red": 0.047619047619047616,
        "Canceled": 0.007936507936507936
    },
    "AndiVx/steam": {
        "Green": 0.3157894736842105,
        "White": 0.631578947368421,
        "Ignored": 0.015037593984962405,
        "Red": 0.03007518796992481,
        "Canceled": 0.007518796992481203
    },
    "Armageddon/steam": {
        "Green": 0.27472527472527475,
        "White": 0.6593406593406593,
        "Ignored": 0.0,
        "Red": 0.06593406593406594,
        "Canceled": 0.0
    },
    "Atia/steam": {
        "Green": 0.2736318407960199,
        "White": 0.6567164179104478,
        "Ignored": 0.03980099502487562,
        "Red": 0.01990049751243781,
        "Canceled": 0.009950248756218905
    },
    "Augleb240/steam": {
        "Green": 0.32919254658385094,
        "White": 0.639751552795031,
        "Ignored": 0.006211180124223602,
        "Red": 0.018633540372670808,
        "Canceled": 0.006211180124223602
    },
    "Banana Bread/steam": {
        "Green": 0.3013698630136986,
        "White": 0.6506849315068494,
        "Ignored": 0.0,
        "Red": 0.00684931506849315,
        "Canceled": 0.0410958904109589
    },
    "Beanie/steam": {
        "Green": 0.45161290322580644,
        "White": 0.4967741935483871,
        "Ignored": 0.012903225806451613,
        "Red": 0.03225806451612903,
        "Canceled": 0.0064516129032258064
    },
    "BobTheAlmighty/steam": {
        "Green": 0.2857142857142857,
        "White": 0.6938775510204082,
        "Ignored": 0.0,
        "Red": 0.02040816326530612,
        "Canceled": 0.0
    },
    "Calvin Schoolidge/steam": {
        "Green": 0.34705882352941175,
        "White": 0.5882352941176471,
        "Ignored": 0.041176470588235294,
        "Red": 0.011764705882352941,
        "Canceled": 0.011764705882352941
    },
    "Con-pope/steam": {
        "Green": 0.16923076923076924,
        "White": 0.7307692307692307,
        "Ignored": 0.05384615384615385,
        "Red": 0.03076923076923077,
        "Canceled": 0.015384615384615385
    },
    "Corvusmellori/steam": {
        "Green": 0.34306569343065696,
        "White": 0.6204379562043796,
        "Ignored": 0.0072992700729927005,
        "Red": 0.021897810218978103,
        "Canceled": 0.0072992700729927005
    },
    "DeathTacticus/steam": {
        "Green": 0.42196531791907516,
        "White": 0.5375722543352601,
        "Ignored": 0.0,
        "Red": 0.028901734104046242,
        "Canceled": 0.011560693641618497
    },
    "Gabrio/steam": {
        "Green": 0.5263157894736842,
        "White": 0.4276315789473684,
        "Ignored": 0.019736842105263157,
        "Red": 0.019736842105263157,
        "Canceled": 0.006578947368421052
    },
    "Harren/steam": {
        "Green": 0.27218934911242604,
        "White": 0.6982248520710059,
        "Ignored": 0.005917159763313609,
        "Red": 0.023668639053254437,
        "Canceled": 0.0
    },
    "Kaadzik/steam": {
        "Green": 0.35,
        "White": 0.65,
        "Ignored": 0.0,
        "Red": 0.0,
        "Canceled": 0.0
    },
    "Kmars133/steam": {
        "Green": 0.2719298245614035,
        "White": 0.6842105263157895,
        "Ignored": 0.008771929824561403,
        "Red": 0.008771929824561403,
        "Canceled": 0.02631578947368421
    },
    "Koopa/steam": {
        "Green": 0.40229885057471265,
        "White": 0.5747126436781609,
        "Ignored": 0.0,
        "Red": 0.011494252873563218,
        "Canceled": 0.011494252873563218
    },
    "Kotte/steam": {
        "Green": 0.5158730158730159,
        "White": 0.4603174603174603,
        "Ignored": 0.0,
        "Red": 0.015873015873015872,
        "Canceled": 0.007936507936507936
    },
    "KumaKid/steam": {
        "Green": 0.5204081632653061,
        "White": 0.4387755102040816,
        "Ignored": 0.0,
        "Red": 0.04081632653061224,
        "Canceled": 0.0
    },
    "Legorve Genine/steam": {
        "Green": 0.3853211009174312,
        "White": 0.5596330275229358,
        "Ignored": 0.0,
        "Red": 0.05504587155963303,
        "Canceled": 0.0
    },
    "Lushmoss/steam": {
        "Green": 0.3153153153153153,
        "White": 0.6036036036036037,
        "Ignored": 0.04504504504504504,
        "Red": 0.036036036036036036,
        "Canceled": 0.0
    },
    "Max Edward Snax/steam": {
        "Green": 0.6,
        "White": 0.3333333333333333,
        "Ignored": 0.0,
        "Red": 0.0,
        "Canceled": 0.06666666666666667
    },
    "Monsterracer_/steam": {
        "Green": 0.42063492063492064,
        "White": 0.47619047619047616,
        "Ignored": 0.047619047619047616,
        "Red": 0.05555555555555555,
        "Canceled": 0.0
    },
    "OpiWrites/steam": {
        "Green": 0.6285714285714286,
        "White": 0.3619047619047619,
        "Ignored": 0.0,
        "Red": 0.009523809523809525,
        "Canceled": 0.0
    },
    "Phillammon/steam": {
        "Green": 0.3088235294117647,
        "White": 0.5882352941176471,
        "Ignored": 0.04411764705882353,
        "Red": 0.04411764705882353,
        "Canceled": 0.014705882352941176
    },
    "Rov/steam": {
        "Green": 0.4084507042253521,
        "White": 0.5492957746478874,
        "Ignored": 0.0,
        "Red": 0.028169014084507043,
        "Canceled": 0.014084507042253521
    },
    "Ryooo/steam": {
        "Green": 0.5769230769230769,
        "White": 0.40384615384615385,
        "Ignored": 0.019230769230769232,
        "Red": 0.0,
        "Canceled": 0.0
    },
    "Sheph/steam": {
        "Green": 0.48,
        "White": 0.48,
        "Ignored": 0.0,
        "Red": 0.02666666666666667,
        "Canceled": 0.013333333333333334
    },
    "ShootingGoats/steam": {
        "Green": 0.37575757575757573,
        "White": 0.6,
        "Ignored": 0.0,
        "Red": 0.012121212121212121,
        "Canceled": 0.012121212121212121
    },
    "Sun Bro/steam": {
        "Green": 0.3611111111111111,
        "White": 0.5833333333333334,
        "Ignored": 0.027777777777777776,
        "Red": 0.027777777777777776,
        "Canceled": 0.0
    },
    "TONewYork/steam": {
        "Green": 0.3743016759776536,
        "White": 0.5921787709497207,
        "Ignored": 0.0,
        "Red": 0.01675977653631285,
        "Canceled": 0.01675977653631285
    },
    "TheForgot3n1/steam": {
        "Green": 0.40816326530612246,
        "White": 0.5714285714285714,
        "Ignored": 0.0,
        "Red": 0.01020408163265306,
        "Canceled": 0.01020408163265306
    },
    "TheKajdanPL/steam": {
        "Green": 0.3263157894736842,
        "White": 0.6631578947368421,
        "Ignored": 0.010526315789473684,
        "Red": 0.0,
        "Canceled": 0.0
    },
    "Tonyl/steam": {
        "Green": 0.30357142857142855,
        "White": 0.6607142857142857,
        "Ignored": 0.0,
        "Red": 0.02976190476190476,
        "Canceled": 0.005952380952380952
    },
    "Xeynoxys/steam": {
        "Green": 0.3305785123966942,
        "White": 0.6611570247933884,
        "Ignored": 0.0,
        "Red": 0.008264462809917356,
        "Canceled": 0.0
    },
    "Yglini/steam": {
        "Green": 0.37254901960784315,
        "White": 0.6078431372549019,
        "Ignored": 0.0,
        "Red": 0.013071895424836602,
        "Canceled": 0.006535947712418301
    },
    "_LEV_TROTSKIJ_/steam": {
        "Green": 0.4297520661157025,
        "White": 0.5206611570247934,
        "Ignored": 0.0,
        "Red": 0.049586776859504134,
        "Canceled": 0.0
    },
    "bannanasniper": {
        "Green": 0.3302752293577982,
        "White": 0.6238532110091743,
        "Ignored": 0.0,
        "Red": 0.01834862385321101,
        "Canceled": 0.027522935779816515
    },