{
    "Alexare/steam": {
        "Green": 0.3793103448275862,
        "White": 0.5517241379310345,
        "Ignored": 0.034482758620689655,
        "Red": 0.034482758620689655,
        "Canceled": 0.0
    },
    "AndiVx/steam": {
        "Green": 0.38235294117647056,
        "White": 0.5588235294117647,
        "Ignored": 0.029411764705882353,
        "Red": 0.029411764705882353,
        "Canceled": 0.0
    },
    "Auglbe240/steam": {
        "Green": 0.32432432432432434,
        "White": 0.6216216216216216,
        "Ignored": 0.0,
        "Red": 0.02702702702702703,
        "Canceled": 0.02702702702702703
    },
    "Banana Bread/steam": {
        "Green": 0.20930232558139536,
        "White": 0.6976744186046512,
        "Ignored": 0.0,
        "Red": 0.023255813953488372,
        "Canceled": 0.06976744186046512
    },
    "Beanie/steam": {
        "Green": 0.4819277108433735,
        "White": 0.46987951807228917,
        "Ignored": 0.024096385542168676,
        "Red": 0.024096385542168676,
        "Canceled": 0.0
    },
    "BobTheAlmighty/steam": {
        "Green": 0.3333333333333333,
        "White": 0.6666666666666666,
        "Ignored": 0.0,
        "Red": 0.0,
        "Canceled": 0.0
    },
    "Con-pope/steam": {
        "Green": 0.30434782608695654,
        "White": 0.6086956521739131,
        "Ignored": 0.043478260869565216,
        "Red": 0.043478260869565216,
        "Canceled": 0.0
    },
    "Gabrio/steam": {
        "Green": 0.5333333333333333,
        "White": 0.4666666666666667,
        "Ignored": 0.0,
        "Red": 0.0,
        "Canceled": 0.0
    },
    "Harren/steam": {
        "Green": 0.2459016393442623,
        "White": 0.7213114754098361,
        "Ignored": 0.0,
        "Red": 0.03278688524590164,
        "Canceled": 0.0
    },
    "KumaKid/steam": {
        "Green": 0.5,
        "White": 0.5,
        "Ignored": 0.0,
        "Red": 0.0,
        "Canceled": 0.0
    },
    "Legorve Genine/steam": {
        "Green": 0.42857142857142855,
        "White": 0.47619047619047616,
        "Ignored": 0.0,
        "Red": 0.09523809523809523,
        "Canceled": 0.0
    },
    "Lushmoss/steam": {
        "Green": 0.45714285714285713,
        "White": 0.5428571428571428,
        "Ignored": 0.0,
        "Red": 0.0,
        "Canceled": 0.0
    },
    "Max Edward Snax/steam": {
        "Green": 0.6,
        "White": 0.3333333333333333,
        "Ignored": 0.0,
        "Red": 0.0,
        "Canceled": 0.06666666666666667
    },
    "Monsterracer_/steam": {
        "Green": 0.4,
        "White": 0.36,
        "Ignored": 0.12,
        "Red": 0.12,
        "Canceled": 0.0
    },
    "Ryooo/steam": {
        "Green": 0.5,
        "White": 0.5,
        "Ignored": 0.0,
        "Red": 0.0,
        "Canceled": 0.0
    },
    "Sheph/steam": {
        "Green": 0.5,
        "White": 0.4642857142857143,
        "Ignored": 0.0,
        "Red": 0.03571428571428571,
        "Canceled": 0.0
    },
    "ShootingGoats/steam": {
        "Green": 0.4,
        "White": 0.525,
        "Ignored": 0.0,
        "Red": 0.025,
        "Canceled": 0.05
    },
    "TheForgot3n1/steam": {
        "Green": 0.5,
        "White": 0.5,
        "Ignored": 0.0,
        "Red": 0.0,
        "Canceled": 0.0
    },
    "Tonyl/steam": {
        "Green": 0.4230769230769231,
        "White": 0.5769230769230769,
        "Ignored": 0.0,
        "Red": 0.0,
        "Canceled": 0.0
    },
    "Xeynoxys/steam": {
        "Green": 0.32,
        "White": 0.64,
        "Ignored": 0.0,
        "Red": 0.04,
        "Canceled": 0.0
    },
    "Yglini/steam": {
        "Green": 0.3157894736842105,
        "White": 0.6842105263157895,
        "Ignored": 0.0,
        "Red": 0.0,
        "Canceled": 0.0
    },
    "_LEV_TROTSKIJ_/steam": {
        "Green": 0.4583333333333333,
        "White": 0.5,
        "Ignored": 0.0,
        "Red": 0.041666666666666664,
        "Canceled": 0.0
    },
    "beanie": {
        "Green": 0.6666666666666666,
        "White": 0.3333333333333333,
        "Ignored": 0.0,
        "Red": 0.0,
        "Canceled": 0.0
    },
    "cameraman": {
        "Green": 0.2857142857142857,
        "White": 0.6428571428571429,
        "Ignored": 0.0,
        "Red": 0.07142857142857142,
        "Canceled": 0.0
    },
    "catnip": {
        "Green": 0.5,
        "White": 0.4666666666666667,
        "Ignored": 0.016666666666666666,
        "Red": 0.016666666666666666,
        "Canceled": 0.0
    },
    "dbdkmezz": {
        "Green": 0.3333333333333333,
        "White": 0.5416666666666666,
        "Ignored": 0.041666666666666664,
        "Red": 0.08333333333333333,
        "Canceled": 0.0
    },
    "dejoker": {
        "Green": 0.3125,
        "White": 0.6666666666666666,
        "Ignored": 0.0,
        "Red": 0.020833333333333332,
        "Canceled": 0.0
    },
    "furbyfubar": {
        "Green": 0.3333333333333333,
        "White": 0.5757575757575758,
        "Ignored": 0.0,
        "Red": 0.09090909090909091,
        "Canceled": 0.0
    },
    "howiie": {
        "Green": 0.3333333333333333,
        "White": 0.6111111111111112,
        "Ignored": 0.0,
        "Red": 0.0,
        "Canceled": 0.05555555555555555
    },
    "lauras43/steam": {
        "Green": 0.3888888888888889,
        "White": 0.5,
        "Ignored": 0.0,
        "Red": 0.1111111111111111,
        "Canceled": 0.0
    },
    "magicdoer1": {
        "Green": 0.45,
        "White": 0.525,
        "Ignored": 0.025,
        "Red": 0.0,
        "Canceled": 0.0
    },
    "miniorek": {
        "Green": 0.4230769230769231,
        "White": 0.5384615384615384,
        "Ignored": 0.0,
        "Red": 0.038461538461538464,
        "Canceled": 0.0
    },
    "monaters": {
        "Green": 0.28205128205128205,
        "White": 0.6923076923076923,
        "Ignored": 0.0,
        "Red": 0.0,
        "Canceled": 0.02564102564102564
    },
    "monopolyman": {
        "Green": 0.3793103448275862,
        "White": 0.6206896551724138,
        "Ignored": 0.0,
        "Red": 0.0,
        "Canceled": 0.0
    },
    "mrtwister": {
        "Green": 0.1875,
        "White": 0.75,
        "Ignored": 0.0,
        "Red": 0.0625,
        "Canceled": 0.0
    },
    "paratroopa": {
        "Green": 0.2692307692307692,
        "White": 0.6923076923076923,
        "Ignored": 0.0,
        "Red": 0.038461538461538464,
        "Canceled": 0.0
    },
    "portalfreek": {
        "Green": 0.46153846153846156,
        "White": 0.46153846153846156,
        "Ignored": 0.0,
        "Red": 0.07692307692307693,
        "Canceled": 0.0
    },
    "rhythmicsheep/steam": {
        "Green": 0.5,
        "White": 0.45454545454545453,
        "Ignored": 0.0,
        "Red": 0.045454545454545456,
        "Canceled": 0.0
    },
    "scout": {
        "Green": 0.21052631578947367,
        "White": 0.7368421052631579,
        "Ignored": 0.05263157894736842,
        "Red": 0.0,
        "Canceled": 0.0
    },
    "sgnurf": {
        "Green": 0.4,
        "White": 0.5666666666666667,
        "Ignored": 0.0,
        "Red": 0.03333333333333333,
        "Canceled": 0.0
    },
    "spedmonkey": {
        "Green": 0.46153846153846156,
        "White": 0.5384615384615384,
        "Ignored": 0.0,
        "Red": 0.0,
        "Canceled": 0.0
    },
    "sykosloth": {
        "Green": 0.5517241379310345,
        "White": 0.41379310344827586,
        "Ignored": 0.0,
        "Red": 0.034482758620689655,
        "Canceled": 0.0
    },
    "tflameee/steam": {
        "Green": 0.5,
        "White": 0.45,
        "Ignored": 0.05,
        "Red": 0.0,
        "Canceled": 0.0
    },
    "the_usual_toaster/steam": {
        "Green": 0.39285714285714285,
        "White": 0.5,
        "Ignored": 0.03571428571428571,
        "Red": 0.07142857142857142,
        "Canceled": 0.0
    },
    "yeesh": {
        "Green": 0.5925925925925926,
        "White": 0.37037037037037035,
        "Ignored": 0.0,
        "Red": 0.0,
        "Canceled": 0.037037037037037035
    },