{
    "Banana Bread/steam": {
        "Green": 0.21428571428571427,
        "White": 0.7857142857142857,
        "Ignored": 0.0,
        "Red": 0.0,
        "Canceled": 0.0
    },
    "Beanie/steam": {
        "Green": 0.5666666666666667,
        "White": 0.4166666666666667,
        "Ignored": 0.0,
        "Red": 0.016666666666666666,
        "Canceled": 0.0
    },
    "BobTheAlmighty/steam": {
        "Green": 0.3333333333333333,
        "White": 0.6666666666666666,
        "Ignored": 0.0,
        "Red": 0.0,
        "Canceled": 0.0
    },
    "Con-pope/steam": {
        "Green": 0.30434782608695654,
        "White": 0.6086956521739131,
        "Ignored": 0.043478260869565216,
        "Red": 0.043478260869565216,
        "Canceled": 0.0
    },
    "Gabrio/steam": {
        "Green": 0.5333333333333333,
        "White": 0.4666666666666667,
        "Ignored": 0.0,
        "Red": 0.0,
        "Canceled": 0.0
    },
    "Harren/steam": {
        "Green": 0.34615384615384615,
        "White": 0.6538461538461539,
        "Ignored": 0.0,
        "Red": 0.0,
        "Canceled": 0.0
    },
    "KumaKid/steam": {
        "Green": 0.3076923076923077,
        "White": 0.6923076923076923,
        "Ignored": 0.0,
        "Red": 0.0,
        "Canceled": 0.0
    },
    "Max Edward Snax/steam": {
        "Green": 0.6,
        "White": 0.3333333333333333,
        "Ignored": 0.0,
        "Red": 0.0,
        "Canceled": 0.06666666666666667
    },
    "TheForgot3n1/steam": {
        "Green": 0.5,
        "White": 0.5,
        "Ignored": 0.0,
        "Red": 0.0,
        "Canceled": 0.0
    },
    "Tonyl/steam": {
        "Green": 0.4230769230769231,
        "White": 0.5769230769230769,
        "Ignored": 0.0,
        "Red": 0.0,
        "Canceled": 0.0
    },
    "Xeynoxys/steam": {
        "Green": 0.32,
        "White": 0.64,
        "Ignored": 0.0,
        "Red": 0.04,
        "Canceled": 0.0
    },
    "Yglini/steam": {
        "Green": 0.3157894736842105,
        "White": 0.6842105263157895,
        "Ignored": 0.0,
        "Red": 0.0,
        "Canceled": 0.0
    },
    "beanie": {
        "Green": 0.6666666666666666,
        "White": 0.3333333333333333,
        "Ignored": 0.0,
        "Red": 0.0,
        "Canceled": 0.0
    },
    "catnip": {
        "Green": 0.5,
        "White": 0.4666666666666667,
        "Ignored": 0.016666666666666666,
        "Red": 0.016666666666666666,
        "Canceled": 0.0
    },
    "dbdkmezz": {
        "Green": 0.3333333333333333,
        "White": 0.5416666666666666,
        "Ignored": 0.041666666666666664,
        "Red": 0.08333333333333333,
        "Canceled": 0.0
    },
    "dejoker": {
        "Green": 0.3125,
        "White": 0.6666666666666666,
        "Ignored": 0.0,
        "Red": 0.020833333333333332,
        "Canceled": 0.0
    },
    "furbyfubar": {
        "Green": 0.3333333333333333,
        "White": 0.5757575757575758,
        "Ignored": 0.0,
        "Red": 0.09090909090909091,
        "Canceled": 0.0
    },
    "howiie": {
        "Green": 0.3333333333333333,
        "White": 0.6111111111111112,
        "Ignored": 0.0,
        "Red": 0.0,
        "Canceled": 0.05555555555555555
    },
    "lauras43/steam": {
        "Green": 0.3888888888888889,
        "White": 0.5,
        "Ignored": 0.0,
        "Red": 0.1111111111111111,
        "Canceled": 0.0
    },
    "magicdoer1": {
        "Green": 0.45,
        "White": 0.525,
        "Ignored": 0.025,
        "Red": 0.0,
        "Canceled": 0.0
    },
    "miniorek": {
        "Green": 0.4230769230769231,
        "White": 0.5384615384615384,
        "Ignored": 0.0,
        "Red": 0.038461538461538464,
        "Canceled": 0.0
    },
    "monaters": {
        "Green": 0.2857142857142857,
        "White": 0.7142857142857143,
        "Ignored": 0.0,
        "Red": 0.0,
        "Canceled": 0.0
    },
    "monopolyman": {
        "Green": 0.3793103448275862,
        "White": 0.6206896551724138,
        "Ignored": 0.0,
        "Red": 0.0,
        "Canceled": 0.0
    },
    "mrtwister": {
        "Green": 0.12903225806451613,
        "White": 0.8387096774193549,
        "Ignored": 0.0,
        "Red": 0.03225806451612903,
        "Canceled": 0.0
    },
    "portalfreek": {
        "Green": 0.46153846153846156,
        "White": 0.46153846153846156,
        "Ignored": 0.0,
        "Red": 0.07692307692307693,
        "Canceled": 0.0
    },
    "scout": {
        "Green": 0.21052631578947367,
        "White": 0.7368421052631579,
        "Ignored": 0.05263157894736842,
        "Red": 0.0,
        "Canceled": 0.0
    },
    "sgnurf": {
        "Green": 0.4,
        "White": 0.5666666666666667,
        "Ignored": 0.0,
        "Red": 0.03333333333333333,
        "Canceled": 0.0
    },
    "spedmonkey": {
        "Green": 0.46153846153846156,
        "White": 0.5384615384615384,
        "Ignored": 0.0,
        "Red": 0.0,
        "Canceled": 0.0
    },
    "sykosloth": {
        "Green": 0.5517241379310345,
        "White": 0.41379310344827586,
        "Ignored": 0.0,
        "Red": 0.034482758620689655,
        "Canceled": 0.0
    },
    "the_usual_toaster/steam": {
        "Green": 0.43333333333333335,
        "White": 0.43333333333333335,
        "Ignored": 0.03333333333333333,
        "Red": 0.1,
        "Canceled": 0.0
    },
    "zerodoom": {
        "Green": 0.3114754098360656,
        "White": 0.6229508196721312,
        "Ignored": 0.03278688524590164,
        "Red": 0.03278688524590164,
        "Canceled": 0.0
    }
}