{
    "ALTInsider/steam": {
        "Green": 0.40540540540540543,
        "White": 0.5765765765765766,
        "Ignored": 0.009009009009009009,
        "Red": 0.009009009009009009,
        "Canceled": 0.0
    },
    "Alexare/steam": {
        "Green": 0.34838709677419355,
        "White": 0.5483870967741935,
        "Ignored": 0.04516129032258064,
        "Red": 0.04516129032258064,
        "Canceled": 0.012903225806451613
    },
    "AndiVx/steam": {
        "Green": 0.33125,
        "White": 0.61875,
        "Ignored": 0.0125,
        "Red": 0.03125,
        "Canceled": 0.00625
    },
    "Armageddon/steam": {
        "Green": 0.27472527472527475,
        "White": 0.6593406593406593,
        "Ignored": 0.0,
        "Red": 0.06593406593406594,
        "Canceled": 0.0
    },
    "Atia/steam": {
        "Green": 0.2736318407960199,
        "White": 0.6567164179104478,
        "Ignored": 0.03980099502487562,
        "Red": 0.01990049751243781,
        "Canceled": 0.009950248756218905
    },
    "Augleb240/steam": {
        "Green": 0.32919254658385094,
        "White": 0.639751552795031,
        "Ignored": 0.006211180124223602,
        "Red": 0.018633540372670808,
        "Canceled": 0.006211180124223602
    },
    "Banana Bread/steam": {
        "Green": 0.2926829268292683,
        "White": 0.6585365853658537,
        "Ignored": 0.0,
        "Red": 0.006097560975609756,
        "Canceled": 0.042682926829268296
    },
    "Beanie/steam": {
        "Green": 0.4585635359116022,
        "White": 0.4972375690607735,
        "Ignored": 0.011049723756906077,
        "Red": 0.027624309392265192,
        "Canceled": 0.0055248618784530384
    },
    "BobTheAlmighty/steam": {
        "Green": 0.26548672566371684,
        "White": 0.7079646017699115,
        "Ignored": 0.0,
        "Red": 0.02654867256637168,
        "Canceled": 0.0
    },
    "Calvin Schoolidge/steam": {
        "Green": 0.34705882352941175,
        "White": 0.5882352941176471,
        "Ignored": 0.041176470588235294,
        "Red": 0.011764705882352941,
        "Canceled": 0.011764705882352941
    },
    "Con-pope/steam": {
        "Green": 0.15584415584415584,
        "White": 0.7467532467532467,
        "Ignored": 0.05844155844155844,
        "Red": 0.025974025974025976,
        "Canceled": 0.012987012987012988
    },
    "Corvusmellori/steam": {
        "Green": 0.3558282208588957,
        "White": 0.6134969325153374,
        "Ignored": 0.006134969325153374,
        "Red": 0.018404907975460124,
        "Canceled": 0.006134969325153374
    },
    "DeathTacticus/steam": {
        "Green": 0.42196531791907516,
        "White": 0.5375722543352601,
        "Ignored": 0.0,
        "Red": 0.028901734104046242,
        "Canceled": 0.011560693641618497
    },
    "Gabrio/steam": {
        "Green": 0.5,
        "White": 0.43333333333333335,
        "Ignored": 0.022222222222222223,
        "Red": 0.027777777777777776,
        "Canceled": 0.016666666666666666
    },
    "Harren/steam": {
        "Green": 0.2663316582914573,
        "White": 0.6934673366834171,
        "Ignored": 0.01507537688442211,
        "Red": 0.02512562814070352,
        "Canceled": 0.0
    },
    "Kaadzik/steam": {
        "Green": 0.45454545454545453,
        "White": 0.5151515151515151,
        "Ignored": 0.0,
        "Red": 0.015151515151515152,
        "Canceled": 0.015151515151515152
    },
    "Kmars133/steam": {
        "Green": 0.3006134969325153,
        "White": 0.6503067484662577,
        "Ignored": 0.012269938650306749,
        "Red": 0.006134969325153374,
        "Canceled": 0.03067484662576687
    },
    "Koopa/steam": {
        "Green": 0.40540540540540543,
        "White": 0.5765765765765766,
        "Ignored": 0.0,
        "Red": 0.009009009009009009,
        "Canceled": 0.009009009009009009
    },
    "Kotte/steam": {
        "Green": 0.5158730158730159,
        "White": 0.4603174603174603,
        "Ignored": 0.0,
        "Red": 0.015873015873015872,
        "Canceled": 0.007936507936507936
    },
    "KumaKid/steam": {
        "Green": 0.5204081632653061,
        "White": 0.4387755102040816,
        "Ignored": 0.0,
        "Red": 0.04081632653061224,
        "Canceled": 0.0
    },
    "Legorve Genine/steam": {
        "Green": 0.39849624060150374,
        "White": 0.556390977443609,
        "Ignored": 0.0,
        "Red": 0.045112781954887216,
        "Canceled": 0.0
    },
    "Lushmoss/steam": {
        "Green": 0.30246913580246915,
        "White": 0.6296296296296297,
        "Ignored": 0.030864197530864196,
        "Red": 0.030864197530864196,
        "Canceled": 0.006172839506172839
    },
    "Max Edward Snax/steam": {
        "Green": 0.6,
        "White": 0.3333333333333333,
        "Ignored": 0.0,
        "Red": 0.0,
        "Canceled": 0.06666666666666667
    },
    "Monsterracer_/steam": {
        "Green": 0.42063492063492064,
        "White": 0.47619047619047616,
        "Ignored": 0.047619047619047616,
        "Red": 0.05555555555555555,
        "Canceled": 0.0
    },
    "OpiWrites/steam": {
        "Green": 0.6285714285714286,
        "White": 0.3619047619047619,
        "Ignored": 0.0,
        "Red": 0.009523809523809525,
        "Canceled": 0.0
    },
    "Phillammon/steam": {
        "Green": 0.3088235294117647,
        "White": 0.5882352941176471,
        "Ignored": 0.04411764705882353,
        "Red": 0.04411764705882353,
        "Canceled": 0.014705882352941176
    },
    "Rov/steam": {
        "Green": 0.4084507042253521,
        "White": 0.5492957746478874,
        "Ignored": 0.0,
        "Red": 0.028169014084507043,
        "Canceled": 0.014084507042253521
    },
    "Ryooo/steam": {
        "Green": 0.5769230769230769,
        "White": 0.40384615384615385,
        "Ignored": 0.019230769230769232,
        "Red": 0.0,
        "Canceled": 0.0
    },
    "Sheph/steam": {
        "Green": 0.46078431372549017,
        "White": 0.5,
        "Ignored": 0.0,
        "Red": 0.029411764705882353,
        "Canceled": 0.00980392156862745
    },
    "ShootingGoats/steam": {
        "Green": 0.37575757575757573,
        "White": 0.6,
        "Ignored": 0.0,
        "Red": 0.012121212121212121,
        "Canceled": 0.012121212121212121
    },
    "Sun Bro/steam": {
        "Green": 0.3611111111111111,
        "White": 0.5833333333333334,
        "Ignored": 0.027777777777777776,
        "Red": 0.027777777777777776,
        "Canceled": 0.0
    },
    "TONewYork/steam": {
        "Green": 0.3611111111111111,
        "White": 0.6111111111111112,
        "Ignored": 0.0,
        "Red": 0.011904761904761904,
        "Canceled": 0.015873015873015872
    },
    "TheForgot3n1/steam": {
        "Green": 0.40816326530612246,
        "White": 0.5714285714285714,
        "Ignored": 0.0,
        "Red": 0.01020408163265306,
        "Canceled": 0.01020408163265306
    },
    "TheKajdanPL/steam": {
        "Green": 0.3611111111111111,
        "White": 0.6296296296296297,
        "Ignored": 0.009259259259259259,
        "Red": 0.0,
        "Canceled": 0.0
    },
    "Tonyl/steam": {
        "Green": 0.3021978021978022,
        "White": 0.6648351648351648,
        "Ignored": 0.0,
        "Red": 0.027472527472527472,
        "Canceled": 0.005494505494505495
    },
    "Xeynoxys/steam": {
        "Green": 0.3333333333333333,
        "White": 0.6598639455782312,
        "Ignored": 0.0,
        "Red": 0.006802721088435374,
        "Canceled": 0.0
    },
    "Yglini/steam": {
        "Green": 0.35384615384615387,
        "White": 0.6205128205128205,
        "Ignored": 0.0,
        "Red": 0.010256410256410256,
        "Canceled": 0.015384615384615385
    },
    "_LEV_TROTSKIJ_/steam": {
        "Green": 0.43333333333333335,
        "White": 0.52,
        "Ignored": 0.0,
        "Red": 0.04666666666666667,
        "Canceled": 0.0
    },
    "bannanasniper": {
        "Green": 0.3302752293577982,
        "White": 0.6238532110091743,
        "Ignored": 0.0,
        "Red": 0.01834862385321101,