{
    "ALTInsider/steam": {
        "Green": 0.40298507462686567,
        "White": 0.582089552238806,
        "Ignored": 0.007462686567164179,
        "Red": 0.007462686567164179,
        "Canceled": 0.0
    },
    "Alexare/steam": {
        "Green": 0.37222222222222223,
        "White": 0.5222222222222223,
        "Ignored": 0.03888888888888889,
        "Red": 0.05555555555555555,
        "Canceled": 0.011111111111111112
    },
    "AndiVx/steam": {
        "Green": 0.3387096774193548,
        "White": 0.6021505376344086,
        "Ignored": 0.021505376344086023,
        "Red": 0.03225806451612903,
        "Canceled": 0.005376344086021506
    },
    "Armageddon/steam": {
        "Green": 0.27472527472527475,
        "White": 0.6593406593406593,
        "Ignored": 0.0,
        "Red": 0.06593406593406594,
        "Canceled": 0.0
    },
    "Atia/steam": {
        "Green": 0.2736318407960199,
        "White": 0.6567164179104478,
        "Ignored": 0.03980099502487562,
        "Red": 0.01990049751243781,
        "Canceled": 0.009950248756218905
    },
    "Augleb240/steam": {
        "Green": 0.32,
        "White": 0.6444444444444445,
        "Ignored": 0.0044444444444444444,
        "Red": 0.022222222222222223,
        "Canceled": 0.008888888888888889
    },
    "Banana Bread/steam": {
        "Green": 0.3263157894736842,
        "White": 0.631578947368421,
        "Ignored": 0.0,
        "Red": 0.005263157894736842,
        "Canceled": 0.03684210526315789
    },
    "Beanie/steam": {
        "Green": 0.4585635359116022,
        "White": 0.4972375690607735,
        "Ignored": 0.011049723756906077,
        "Red": 0.027624309392265192,
        "Canceled": 0.0055248618784530384
    },
    "BobTheAlmighty/steam": {
        "Green": 0.27586206896551724,
        "White": 0.7034482758620689,
        "Ignored": 0.0,
        "Red": 0.020689655172413793,
        "Canceled": 0.0
    },
    "Calvin Schoolidge/steam": {
        "Green": 0.3465346534653465,
        "White": 0.599009900990099,
        "Ignored": 0.034653465346534656,
        "Red": 0.009900990099009901,
        "Canceled": 0.009900990099009901
    },
    "Con-pope/steam": {
        "Green": 0.15584415584415584,
        "White": 0.7467532467532467,
        "Ignored": 0.05844155844155844,
        "Red": 0.025974025974025976,
        "Canceled": 0.012987012987012988
    },
    "Corvusmellori/steam": {
        "Green": 0.35353535353535354,
        "White": 0.601010101010101,
        "Ignored": 0.005050505050505051,
        "Red": 0.030303030303030304,
        "Canceled": 0.010101010101010102
    },
    "DeathTacticus/steam": {
        "Green": 0.4199134199134199,
        "White": 0.5367965367965368,
        "Ignored": 0.0,
        "Red": 0.030303030303030304,
        "Canceled": 0.012987012987012988
    },
    "Gabrio/steam": {
        "Green": 0.4881516587677725,
        "White": 0.44075829383886256,
        "Ignored": 0.02843601895734597,
        "Red": 0.02843601895734597,
        "Canceled": 0.014218009478672985
    },
    "Harren/steam": {
        "Green": 0.2543859649122807,
        "White": 0.706140350877193,
        "Ignored": 0.013157894736842105,
        "Red": 0.02631578947368421,
        "Canceled": 0.0
    },
    "Kaadzik/steam": {
        "Green": 0.45454545454545453,
        "White": 0.5151515151515151,
        "Ignored": 0.0,
        "Red": 0.015151515151515152,
        "Canceled": 0.015151515151515152
    },
    "Kmars133/steam": {
        "Green": 0.3064516129032258,
        "White": 0.6505376344086021,
        "Ignored": 0.010752688172043012,
        "Red": 0.005376344086021506,
        "Canceled": 0.026881720430107527
    },
    "Koopa/steam": {
        "Green": 0.40540540540540543,
        "White": 0.5765765765765766,
        "Ignored": 0.0,
        "Red": 0.009009009009009009,
        "Canceled": 0.009009009009009009
    },
    "Kotte/steam": {
        "Green": 0.47593582887700536,
        "White": 0.5026737967914439,
        "Ignored": 0.0,
        "Red": 0.016042780748663103,
        "Canceled": 0.0053475935828877
    },
    "KumaKid/steam": {
        "Green": 0.5454545454545454,
        "White": 0.4132231404958678,
        "Ignored": 0.0,
        "Red": 0.04132231404958678,
        "Canceled": 0.0
    },
    "Legorve Genine/steam": {
        "Green": 0.39849624060150374,
        "White": 0.556390977443609,
        "Ignored": 0.0,
        "Red": 0.045112781954887216,
        "Canceled": 0.0
    },
    "Lushmoss/steam": {
        "Green": 0.325,
        "White": 0.615,
        "Ignored": 0.025,
        "Red": 0.025,
        "Canceled": 0.01
    },
    "Max Edward Snax/steam": {
        "Green": 0.6,
        "White": 0.3333333333333333,
        "Ignored": 0.0,
        "Red": 0.0,
        "Canceled": 0.06666666666666667
    },
    "Monsterracer_/steam": {
        "Green": 0.4407894736842105,
        "White": 0.46710526315789475,
        "Ignored": 0.039473684210526314,
        "Red": 0.046052631578947366,
        "Canceled": 0.006578947368421052
    },
    "OpiWrites/steam": {
        "Green": 0.609375,
        "White": 0.375,
        "Ignored": 0.0,
        "Red": 0.0078125,
        "Canceled": 0.0078125
    },
    "Phillammon/steam": {
        "Green": 0.3088235294117647,
        "White": 0.5882352941176471,
        "Ignored": 0.04411764705882353,
        "Red": 0.04411764705882353,
        "Canceled": 0.014705882352941176
    },
    "Rov/steam": {
        "Green": 0.4024390243902439,
        "White": 0.5487804878048781,
        "Ignored": 0.006097560975609756,
        "Red": 0.03048780487804878,
        "Canceled": 0.012195121951219513
    },
    "Ryooo/steam": {
        "Green": 0.6058823529411764,
        "White": 0.3764705882352941,
        "Ignored": 0.011764705882352941,
        "Red": 0.0,
        "Canceled": 0.0058823529411764705
    },
    "Sheph/steam": {
        "Green": 0.46078431372549017,
        "White": 0.5,
        "Ignored": 0.0,
        "Red": 0.029411764705882353,
        "Canceled": 0.00980392156862745
    },
    "ShootingGoats/steam": {
        "Green": 0.38578680203045684,
        "White": 0.5888324873096447,
        "Ignored": 0.0,
        "Red": 0.015228426395939087,
        "Canceled": 0.01015228426395939
    },
    "Sun Bro/steam": {
        "Green": 0.3611111111111111,
        "White": 0.5833333333333334,
        "Ignored": 0.027777777777777776,
        "Red": 0.027777777777777776,
        "Canceled": 0.0
    },
    "TONewYork/steam": {
        "Green": 0.3611111111111111,
        "White": 0.6111111111111112,
        "Ignored": 0.0,
        "Red": 0.011904761904761904,
        "Canceled": 0.015873015873015872
    },
    "TheForgot3n1/steam": {
        "Green": 0.3881578947368421,
        "White": 0.5855263157894737,
        "Ignored": 0.0,
        "Red": 0.019736842105263157,
        "Canceled": 0.006578947368421052
    },
    "TheKajdanPL/steam": {
        "Green": 0.33587786259541985,
        "White": 0.648854961832061,
        "Ignored": 0.007633587786259542,
        "Red": 0.007633587786259542,
        "Canceled": 0.0
    },
    "Tonyl/steam": {
        "Green": 0.2966507177033493,
        "White": 0.6602870813397129,
        "Ignored": 0.004784688995215311,
        "Red": 0.023923444976076555,
        "Canceled": 0.014354066985645933
    },
    "Xeynoxys/steam": {
        "Green": 0.3333333333333333,
        "White": 0.6547619047619048,
        "Ignored": 0.0,
        "Red": 0.011904761904761904,
        "Canceled": 0.0
    },
    "Yglini/steam": {
        "Green": 0.35384615384615387,
        "White": 0.6205128205128205,
        "Ignored": 0.0,
        "Red": 0.010256410256410256,
        "Canceled": 0.015384615384615385
    },
    "_LEV_TROTSKIJ_/steam": {
        "Green": 0.4022346368715084,
        "White": 0.553072625698324,
        "Ignored": 0.0,
        "Red": 0.03910614525139665,
        "Canceled": 0.00558659217877095
    },
    "bannanasniper": {
        "Green": 0.3302752293577982,
        "White": 0.6238532110091743,