{
    "ALTInsider/steam": {
        "Green": 0.37777777777777777,
        "White": 0.6222222222222222,
        "Ignored": 0.0,
        "Red": 0.0,
        "Canceled": 0.0
    },
    "Alexare/steam": {
        "Green": 0.36363636363636365,
        "White": 0.5636363636363636,
        "Ignored": 0.03636363636363636,
        "Red": 0.03636363636363636,
        "Canceled": 0.0
    },
    "AndiVx/steam": {
        "Green": 0.38235294117647056,
        "White": 0.5588235294117647,
        "Ignored": 0.029411764705882353,
        "Red": 0.029411764705882353,
        "Canceled": 0.0
    },
    "Armageddon/steam": {
        "Green": 0.34615384615384615,
        "White": 0.5769230769230769,
        "Ignored": 0.0,
        "Red": 0.07692307692307693,
        "Canceled": 0.0
    },
    "Atia/steam": {
        "Green": 0.30864197530864196,
        "White": 0.5925925925925926,
        "Ignored": 0.07407407407407407,
        "Red": 0.024691358024691357,
        "Canceled": 0.0
    },
    "Augleb240/steam": {
        "Green": 0.3522727272727273,
        "White": 0.6136363636363636,
        "Ignored": 0.0,
        "Red": 0.022727272727272728,
        "Canceled": 0.011363636363636364
    },
    "Banana Bread/steam": {
        "Green": 0.234375,
        "White": 0.6875,
        "Ignored": 0.0,
        "Red": 0.015625,
        "Canceled": 0.0625
    },
    "Beanie/steam": {
        "Green": 0.4423076923076923,
        "White": 0.5096153846153846,
        "Ignored": 0.019230769230769232,
        "Red": 0.019230769230769232,
        "Canceled": 0.009615384615384616
    },
    "BobTheAlmighty/steam": {
        "Green": 0.3018867924528302,
        "White": 0.6981132075471698,
        "Ignored": 0.0,
        "Red": 0.0,
        "Canceled": 0.0
    },
    "Calvin Schoolidge/steam": {
        "Green": 0.31343283582089554,
        "White": 0.582089552238806,
        "Ignored": 0.04477611940298507,
        "Red": 0.029850746268656716,
        "Canceled": 0.029850746268656716
    },
    "Con-pope/steam": {
        "Green": 0.17857142857142858,
        "White": 0.7142857142857143,
        "Ignored": 0.05952380952380952,
        "Red": 0.03571428571428571,
        "Canceled": 0.011904761904761904
    },
    "Corvusmellori/steam": {
        "Green": 0.373134328358209,
        "White": 0.5970149253731343,
        "Ignored": 0.0,
        "Red": 0.029850746268656716,
        "Canceled": 0.0
    },
    "DeathTacticus/steam": {
        "Green": 0.3770491803278688,
        "White": 0.5737704918032787,
        "Ignored": 0.0,
        "Red": 0.03278688524590164,
        "Canceled": 0.01639344262295082
    },
    "Gabrio/steam": {
        "Green": 0.5625,
        "White": 0.425,
        "Ignored": 0.0,
        "Red": 0.0125,
        "Canceled": 0.0
    },
    "Harren/steam": {
        "Green": 0.24096385542168675,
        "White": 0.7228915662650602,
        "Ignored": 0.0,
        "Red": 0.03614457831325301,
        "Canceled": 0.0
    },
    "Kmars133/steam": {
        "Green": 0.24528301886792453,
        "White": 0.7169811320754716,
        "Ignored": 0.0,
        "Red": 0.018867924528301886,
        "Canceled": 0.018867924528301886
    },
    "Koopa/steam": {
        "Green": 0.37735849056603776,
        "White": 0.6037735849056604,
        "Ignored": 0.0,
        "Red": 0.018867924528301886,
        "Canceled": 0.0
    },
    "Kotte/steam": {
        "Green": 0.532258064516129,
        "White": 0.46774193548387094,
        "Ignored": 0.0,
        "Red": 0.0,
        "Canceled": 0.0
    },
    "KumaKid/steam": {
        "Green": 0.4883720930232558,
        "White": 0.4883720930232558,
        "Ignored": 0.0,
        "Red": 0.023255813953488372,
        "Canceled": 0.0
    },
    "Legorve Genine/steam": {
        "Green": 0.40476190476190477,
        "White": 0.5,
        "Ignored": 0.0,
        "Red": 0.09523809523809523,
        "Canceled": 0.0
    },
    "Lushmoss/steam": {
        "Green": 0.3626373626373626,
        "White": 0.5494505494505495,
        "Ignored": 0.054945054945054944,
        "Red": 0.03296703296703297,
        "Canceled": 0.0
    },
    "Max Edward Snax/steam": {
        "Green": 0.6,
        "White": 0.3333333333333333,
        "Ignored": 0.0,
        "Red": 0.0,
        "Canceled": 0.06666666666666667
    },
    "Monsterracer_/steam": {
        "Green": 0.4666666666666667,
        "White": 0.38666666666666666,
        "Ignored": 0.08,
        "Red": 0.06666666666666667,
        "Canceled": 0.0
    },
    "OpiWrites/steam": {
        "Green": 0.6964285714285714,
        "White": 0.30357142857142855,
        "Ignored": 0.0,
        "Red": 0.0,
        "Canceled": 0.0
    },
    "Phillammon/steam": {
        "Green": 0.3088235294117647,
        "White": 0.5882352941176471,
        "Ignored": 0.04411764705882353,
        "Red": 0.04411764705882353,
        "Canceled": 0.014705882352941176
    },
    "Rov/steam": {
        "Green": 0.3709677419354839,
        "White": 0.5806451612903226,
        "Ignored": 0.0,
        "Red": 0.03225806451612903,
        "Canceled": 0.016129032258064516
    },
    "Ryooo/steam": {
        "Green": 0.5263157894736842,
        "White": 0.47368421052631576,
        "Ignored": 0.0,
        "Red": 0.0,
        "Canceled": 0.0
    },
    "Sheph/steam": {
        "Green": 0.4782608695652174,
        "White": 0.5,
        "Ignored": 0.0,
        "Red": 0.021739130434782608,
        "Canceled": 0.0
    },
    "ShootingGoats/steam": {
        "Green": 0.35443037974683544,
        "White": 0.5949367088607594,
        "Ignored": 0.0,
        "Red": 0.02531645569620253,
        "Canceled": 0.02531645569620253
    },
    "Sun Bro/steam": {
        "Green": 0.2777777777777778,
        "White": 0.6666666666666666,
        "Ignored": 0.05555555555555555,
        "Red": 0.0,
        "Canceled": 0.0
    },
    "TONewYork/steam": {
        "Green": 0.2727272727272727,
        "White": 0.6363636363636364,
        "Ignored": 0.0,
        "Red": 0.09090909090909091,
        "Canceled": 0.0
    },
    "TheForgot3n1/steam": {
        "Green": 0.36585365853658536,
        "White": 0.6097560975609756,
        "Ignored": 0.0,
        "Red": 0.0,
        "Canceled": 0.024390243902439025
    },
    "Tonyl/steam": {
        "Green": 0.31521739130434784,
        "White": 0.6630434782608695,
        "Ignored": 0.0,
        "Red": 0.010869565217391304,
        "Canceled": 0.010869565217391304
    },
    "Xeynoxys/steam": {
        "Green": 0.3220338983050847,
        "White": 0.6610169491525424,
        "Ignored": 0.0,
        "Red": 0.01694915254237288,
        "Canceled": 0.0
    },
    "Yglini/steam": {
        "Green": 0.36046511627906974,
        "White": 0.6162790697674418,
        "Ignored": 0.0,
        "Red": 0.011627906976744186,
        "Canceled": 0.011627906976744186
    },
    "_LEV_TROTSKIJ_/steam": {
        "Green": 0.4888888888888889,
        "White": 0.4888888888888889,
        "Ignored": 0.0,
        "Red": 0.022222222222222223,
        "Canceled": 0.0
    },
    "bannanasniper": {
        "Green": 0.38095238095238093,
        "White": 0.5714285714285714,
        "Ignored": 0.0,
        "Red": 0.0,
        "Canceled": 0.047619047619047616
    },
    "beanie": {
        "Green": 0.6666666666666666,
        "White": 0.2916666666666667,
        "Ignored": 0.0,
        "Red": 0.041666666666666664,
        "Canceled": 0.0
    },
    "cameraman": {
        "Green": 0.4,
        "White": 0.5818181818181818,
        "Ignored": 0.0,
        "Red": 0.01818181818181818,
        "Canceled": 0.0
    },
    "catnip": {
        "Green": 0.39473684210526316,
        "White": 0.5614035087719298,
        "Ignored": 0.02631578947368421,
        "Red": 0.008771929824561403,
        "Canceled": 0.008771929824561403
    },
    "cptbasch": {
        "Green": 0.32432432432432434,
        "White": 0.5945945945945946,
        "Ignored": 0.0,
        "Red": 0.08108108108108109,
        "Canceled": 0.0
    },
    "davidw": {
        "Green": 0.3333333333333333,